# Plan C - Raspberry Pi 4. A CONFIRMATION SUBSET, not a full sweep: Graviton
# (Plan D) covers ARM breadth. This box exists for a second microarchitecture -
# Cortex-A72, ARMv8.0-A, built with -mcpu=cortex-a72 - where Graviton is
# Neoverse ARMv8.2+. Different silicon AND different generated code.
# Run capped: MAXK=8192 ./run-plan.sh plan-pi.tsv
# mode<TAB>threads<TAB>type<TAB>shift<TAB>cc
asimd	1	ll	0	
asimd	4	ll	0	
asimd	4	ll	nz	
asimd	4	prp	0	
asimd	1	fermat	0	
nosimd	1	ll	0	
asimd	1	ll	0	clang
